"sex","seasons","height_range","age_range","solo","success_probability"
"M","Autumn","5750 - 6099","19-30",FALSE,0.60899071418235
"F","Autumn","5750 - 6099","19-30",FALSE,0.543846504294258
"M","Spring","5750 - 6099","19-30",FALSE,0.638098069683171
"F","Spring","5750 - 6099","19-30",FALSE,0.57441008187986
"M","Winter","5750 - 6099","19-30",FALSE,0.408167167111526
"F","Winter","5750 - 6099","19-30",FALSE,0.345578468438368
"M","Summer","5750 - 6099","19-30",FALSE,0.455095246872889
"F","Summer","5750 - 6099","19-30",FALSE,0.390118918873941
"M","Autumn","6800 - 7149","19-30",FALSE,0.469725366372755
"F","Autumn","6800 - 7149","19-30",FALSE,0.404016795467097
"M","Spring","6800 - 7149","19-30",FALSE,0.500744100978226
"F","Spring","6800 - 7149","19-30",FALSE,0.434249013556413
"M","Winter","6800 - 7149","19-30",FALSE,0.281579525160924
"F","Winter","6800 - 7149","19-30",FALSE,0.230781045723356
"M","Summer","6800 - 7149","19-30",FALSE,0.322139131344164
"F","Summer","6800 - 7149","19-30",FALSE,0.266799417262566
"M","Autumn","6100 - 6449","19-30",FALSE,0.48815019341125
"F","Autumn","6100 - 6449","19-30",FALSE,0.421943162810903
"M","Spring","6100 - 6449","19-30",FALSE,0.519178912473324
"F","Spring","6100 - 6449","19-30",FALSE,0.452481597008813
"M","Winter","6100 - 6449","19-30",FALSE,0.296822791689361
"F","Winter","6100 - 6449","19-30",FALSE,0.244226016633228
"M","Summer","6100 - 6449","19-30",FALSE,0.338469012000995
"F","Summer","6100 - 6449","19-30",FALSE,0.281501720857892
"M","Autumn","5400 - 5749","19-30",FALSE,0.732847808586035
"F","Autumn","5400 - 5749","19-30",FALSE,0.678075113614228
"M","Spring","5400 - 5749","19-30",FALSE,0.756182873735474
"F","Spring","5400 - 5749","19-30",FALSE,0.704222753076502
"M","Winter","5400 - 5749","19-30",FALSE,0.550972757614639
"F","Winter","5400 - 5749","19-30",FALSE,0.48533566961357
"M","Summer","5400 - 5749","19-30",FALSE,0.597104016139584
"F","Summer","5400 - 5749","19-30",FALSE,0.532436464411627
"M","Autumn","6450 - 6799","19-30",FALSE,0.357374867337026
"F","Autumn","6450 - 6799","19-30",FALSE,0.298575565875384
"M","Spring","6450 - 6799","19-30",FALSE,0.38636749116148
"F","Spring","6450 - 6799","19-30",FALSE,0.3252124668187
"M","Winter","6450 - 6799","19-30",FALSE,0.197562610606411
"F","Winter","6450 - 6799","19-30",FALSE,0.158588998061661
"M","Summer","6450 - 6799","19-30",FALSE,0.229970950093491
"F","Summer","6450 - 6799","19-30",FALSE,0.186118045336843
"M","Autumn","7850 - 8199","19-30",FALSE,0.387472653241617
"F","Autumn","7850 - 8199","19-30",FALSE,0.326203225644154
"M","Spring","7850 - 8199","19-30",FALSE,0.417335873556751
"F","Spring","7850 - 8199","19-30",FALSE,0.354072306054057
"M","Winter","7850 - 8199","19-30",FALSE,0.21871516487042
"F","Winter","7850 - 8199","19-30",FALSE,0.176474355218424
"M","Summer","7850 - 8199","19-30",FALSE,0.253488524711077
"F","Summer","7850 - 8199","19-30",FALSE,0.206342380309544
"M","Autumn","7500 - 7849","19-30",FALSE,0.201886996181762
"F","Autumn","7500 - 7849","19-30",FALSE,0.162219000335472
"M","Spring","7500 - 7849","19-30",FALSE,0.222638277220048
"F","Spring","7500 - 7849","19-30",FALSE,0.179813414120295
"M","Winter","7500 - 7849","19-30",FALSE,0.100722399294156
"F","Winter","7500 - 7849","19-30",FALSE,0.0789702074590539
"M","Summer","7500 - 7849","19-30",FALSE,0.119709345820496
"F","Summer","7500 - 7849","19-30",FALSE,0.0942942163329463
"M","Autumn","7150 - 7499","19-30",FALSE,0.29594609689976
"F","Autumn","7150 - 7499","19-30",FALSE,0.243413886621209
"M","Spring","7150 - 7499","19-30",FALSE,0.322468520502681
"F","Spring","7150 - 7499","19-30",FALSE,0.267014828162763
"M","Winter","7150 - 7499","19-30",FALSE,0.156885143680199
"F","Winter","7150 - 7499","19-30",FALSE,0.124682962852628
"M","Summer","7150 - 7499","19-30",FALSE,0.18420843629013
"F","Summer","7150 - 7499","19-30",FALSE,0.147397907600972
"M","Autumn","8550 - 8900","19-30",FALSE,0.483923427014469
"F","Autumn","8550 - 8900","19-30",FALSE,0.417793708172863
"M","Spring","8550 - 8900","19-30",FALSE,0.514969114532978
"F","Spring","8550 - 8900","19-30",FALSE,0.448273571842198
"M","Winter","8550 - 8900","19-30",FALSE,0.293234747043145
"F","Winter","8550 - 8900","19-30",FALSE,0.241039282808275
"M","Summer","8550 - 8900","19-30",FALSE,0.334659963819983
"F","Summer","8550 - 8900","19-30",FALSE,0.278050668005591
"M","Autumn","8200 - 8549","19-30",FALSE,0.316265259125853
"F","Autumn","8200 - 8549","19-30",FALSE,0.261463854059218
"M","Spring","8200 - 8549","19-30",FALSE,0.343707523684551
"F","Spring","8200 - 8549","19-30",FALSE,0.286138308309955
"M","Winter","8200 - 8549","19-30",FALSE,0.169950836530676
"F","Winter","8200 - 8549","19-30",FALSE,0.135496527984193
"M","Summer","8200 - 8549","19-30",FALSE,0.19899940456939
"F","Summer","8200 - 8549","19-30",FALSE,0.159813314449778
"M","Autumn","5750 - 6099","51-60",FALSE,0.455396247859682
"F","Autumn","5750 - 6099","51-60",FALSE,0.390306067015972
"M","Spring","5750 - 6099","51-60",FALSE,0.486291582356441
"F","Spring","5750 - 6099","51-60",FALSE,0.420193813966121
"M","Winter","5750 - 6099","51-60",FALSE,0.270301053848424
"F","Winter","5750 - 6099","51-60",FALSE,0.22095641713585
"M","Summer","5750 - 6099","51-60",FALSE,0.309809591898124
"F","Summer","5750 - 6099","51-60",FALSE,0.255819453675926
"M","Autumn","6800 - 7149","51-60",FALSE,0.32213412163809
"F","Autumn","6800 - 7149","51-60",FALSE,0.266708906414656
"M","Spring","6800 - 7149","51-60",FALSE,0.349840512745371
"F","Spring","6800 - 7149","51-60",FALSE,0.291701042573988
"M","Winter","6800 - 7149","51-60",FALSE,0.173796297495067
"F","Winter","6800 - 7149","51-60",FALSE,0.138692883002309
"M","Summer","6800 - 7149","51-60",FALSE,0.203332767415258
"F","Summer","6800 - 7149","51-60",FALSE,0.163467760930573
"M","Autumn","6100 - 6449","51-60",FALSE,0.338526609419257
"F","Autumn","6100 - 6449","51-60",FALSE,0.281471449772306
"M","Spring","6100 - 6449","51-60",FALSE,0.366863556285973
"F","Spring","6100 - 6449","51-60",FALSE,0.30725209015476
"M","Winter","6100 - 6449","51-60",FALSE,0.184735820261223
"F","Winter","6100 - 6449","51-60",FALSE,0.147826049500791
"M","Summer","6100 - 6449","51-60",FALSE,0.215580288243899
"F","Summer","6100 - 6449","51-60",FALSE,0.173844940681036
"M","Autumn","5400 - 5749","51-60",FALSE,0.597473142957589
"F","Autumn","5400 - 5749","51-60",FALSE,0.532814395410361
"M","Spring","5400 - 5749","51-60",FALSE,0.626524540429689
"F","Spring","5400 - 5749","51-60",FALSE,0.563096543164283
"M","Winter","5400 - 5749","51-60",FALSE,0.399331659543751
"F","Winter","5400 - 5749","51-60",FALSE,0.338116639413166
"M","Summer","5400 - 5749","51-60",FALSE,0.44528452913689
"F","Summer","5400 - 5749","51-60",FALSE,0.381488869558979
"M","Autumn","6450 - 6799","51-60",FALSE,0.229851146970748
"F","Autumn","6450 - 6799","51-60",FALSE,0.185970138582499
"M","Spring","6450 - 6799","51-60",FALSE,0.252567361674756
"F","Spring","6450 - 6799","51-60",FALSE,0.205509172354635
"M","Winter","6450 - 6799","51-60",FALSE,0.116734122528203
"F","Winter","6450 - 6799","51-60",FALSE,0.0918788353451737
"M","Summer","6450 - 6799","51-60",FALSE,0.138221954610972
"F","Summer","6450 - 6799","51-60",FALSE,0.109367028921251
"M","Autumn","7850 - 8199","51-60",FALSE,0.253383372024955
"F","Autumn","7850 - 8199","51-60",FALSE,0.206194929604608
"M","Spring","7850 - 8199","51-60",FALSE,0.277595771248679
"F","Spring","7850 - 8199","51-60",FALSE,0.227271461051579
"M","Winter","7850 - 8199","51-60",FALSE,0.130618265509251
"F","Winter","7850 - 8199","51-60",FALSE,0.103147382367252
"M","Summer","7850 - 8199","51-60",FALSE,0.154215428062796
"F","Summer","7850 - 8199","51-60",FALSE,0.122492591205957
"M","Autumn","7500 - 7849","51-60",FALSE,0.11952596123251
"F","Autumn","7500 - 7849","51-60",FALSE,0.094133154175291
"M","Spring","7500 - 7849","51-60",FALSE,0.133226906120604
"F","Spring","7500 - 7849","51-60",FALSE,0.105273204292454
"M","Winter","7500 - 7849","51-60",FALSE,0.0567079811488076
"F","Winter","7500 - 7849","51-60",FALSE,0.0439952862038712
"M","Summer","7500 - 7849","51-60",FALSE,0.0680392078881667
"F","Summer","7500 - 7849","51-60",FALSE,0.0529291397109529
"M","Autumn","7150 - 7499","51-60",FALSE,0.184033965774883
"F","Autumn","7150 - 7499","51-60",FALSE,0.147220573332173
"M","Spring","7150 - 7499","51-60",FALSE,0.203427157976495
"F","Spring","7150 - 7499","51-60",FALSE,0.163513708727964
"M","Winter","7150 - 7499","51-60",FALSE,0.0908017944024953
"F","Winter","7150 - 7499","51-60",FALSE,0.0710211048771861
"M","Summer","7150 - 7499","51-60",FALSE,0.108125998301884
"F","Summer","7150 - 7499","51-60",FALSE,0.0849279717618136
"M","Autumn","8550 - 8900","51-60",FALSE,0.334693163211242
"F","Autumn","8550 - 8900","51-60",FALSE,0.277994054411811
"M","Spring","8550 - 8900","51-60",FALSE,0.362884571798903
"F","Spring","8550 - 8900","51-60",FALSE,0.303584635943933
"M","Winter","8550 - 8900","51-60",FALSE,0.182127231395762
"F","Winter","8550 - 8900","51-60",FALSE,0.145638126631692
"M","Summer","8550 - 8900","51-60",FALSE,0.212689404163181
"F","Summer","8550 - 8900","51-60",FALSE,0.171384971805103
"M","Autumn","8200 - 8549","51-60",FALSE,0.19884228490554
"F","Autumn","8200 - 8549","51-60",FALSE,0.159645248207478
"M","Spring","8200 - 8549","51-60",FALSE,0.219360640170321
"F","Spring","8200 - 8549","51-60",FALSE,0.1770127087628
"M","Winter","8200 - 8549","51-60",FALSE,0.0990120415671112
"F","Winter","8200 - 8549","51-60",FALSE,0.077594729073655
"M","Summer","8200 - 8549","51-60",FALSE,0.11769503048712
"F","Summer","8200 - 8549","51-60",FALSE,0.0926577505194809
"M","Autumn","5750 - 6099","31-40",FALSE,0.585829589123701
"F","Autumn","5750 - 6099","31-40",FALSE,0.519872980500155
"M","Spring","5750 - 6099","31-40",FALSE,0.615572094133872
"F","Spring","5750 - 6099","31-40",FALSE,0.5507164050065
"M","Winter","5750 - 6099","31-40",FALSE,0.385138919044892
"F","Winter","5750 - 6099","31-40",FALSE,0.324147498978392
"M","Summer","5750 - 6099","31-40",FALSE,0.431373346792114
"F","Summer","5750 - 6099","31-40",FALSE,0.367495625103353
"M","Autumn","6800 - 7149","31-40",FALSE,0.445790358172166
"F","Autumn","6800 - 7149","31-40",FALSE,0.381026285781155
"M","Spring","6800 - 7149","31-40",FALSE,0.476650726517026
"F","Spring","6800 - 7149","31-40",FALSE,0.410725929292612
"M","Winter","6800 - 7149","31-40",FALSE,0.262500264303522
"F","Winter","6800 - 7149","31-40",FALSE,0.214118110005228
"M","Summer","6800 - 7149","31-40",FALSE,0.301484908956777
"F","Summer","6800 - 7149","31-40",FALSE,0.248388201570101
"M","Autumn","6100 - 6449","31-40",FALSE,0.464109944267085
"F","Autumn","6100 - 6449","31-40",FALSE,0.398626358073893
"M","Spring","6100 - 6449","31-40",FALSE,0.495089323460985
"F","Spring","6100 - 6449","31-40",FALSE,0.428730496260702
"M","Winter","6100 - 6449","31-40",FALSE,0.277117734340673
"F","Winter","6100 - 6449","31-40",FALSE,0.226885814529317
"M","Summer","6100 - 6449","31-40",FALSE,0.317264886970663
"F","Summer","6100 - 6449","31-40",FALSE,0.262445439347685
"M","Autumn","5400 - 5749","31-40",FALSE,0.713804806656123
"F","Autumn","5400 - 5749","31-40",FALSE,0.656984678079789
"M","Spring","5400 - 5749","31-40",FALSE,0.738196410168535
"F","Spring","5400 - 5749","31-40",FALSE,0.684035585018615
"M","Winter","5400 - 5749","31-40",FALSE,0.527398668805276
"F","Winter","5400 - 5749","31-40",FALSE,0.461686120995602
"M","Summer","5400 - 5749","31-40",FALSE,0.574063662431001
"F","Summer","5400 - 5749","31-40",FALSE,0.508748052856449
"M","Autumn","6450 - 6799","31-40",FALSE,0.335553723406695
"F","Autumn","6450 - 6799","31-40",FALSE,0.278787510819421
"M","Spring","6450 - 6799","31-40",FALSE,0.363779577382073
"F","Spring","6450 - 6799","31-40",FALSE,0.304427271755788
"M","Winter","6450 - 6799","31-40",FALSE,0.182734287924765
"F","Winter","6450 - 6799","31-40",FALSE,0.146152031276986
"M","Summer","6450 - 6799","31-40",FALSE,0.213364565759838
"F","Summer","6450 - 6799","31-40",FALSE,0.171966230432783
"M","Autumn","7850 - 8199","31-40",FALSE,0.364843249840629
"F","Autumn","7850 - 8199","31-40",FALSE,0.305368877647925
"M","Spring","7850 - 8199","31-40",FALSE,0.394085818804177
"F","Spring","7850 - 8199","31-40",FALSE,0.332337822313372
"M","Winter","7850 - 8199","31-40",FALSE,0.202691298367063
"F","Winter","7850 - 8199","31-40",FALSE,0.162899306601023
"M","Summer","7850 - 8199","31-40",FALSE,0.235696185256474
"F","Summer","7850 - 8199","31-40",FALSE,0.191007641329317
"M","Autumn","7500 - 7849","31-40",FALSE,0.186797976005094
"F","Autumn","7500 - 7849","31-40",FALSE,0.149538204191702
"M","Spring","7500 - 7849","31-40",FALSE,0.206400855405098
"F","Spring","7500 - 7849","31-40",FALSE,0.166031340254224
"M","Winter","7500 - 7849","31-40",FALSE,0.0923244835105256
"F","Winter","7500 - 7849","31-40",FALSE,0.0722393206560786
"M","Summer","7500 - 7849","31-40",FALSE,0.10992040057899
"F","Summer","7500 - 7849","31-40",FALSE,0.0863770336850678
"M","Autumn","7150 - 7499","31-40",FALSE,0.276255378957317
"F","Autumn","7150 - 7499","31-40",FALSE,0.226096015801516
"M","Spring","7150 - 7499","31-40",FALSE,0.301771061323338
"F","Spring","7150 - 7499","31-40",FALSE,0.248571384033998
"M","Winter","7150 - 7499","31-40",FALSE,0.144555970378837
"F","Winter","7150 - 7499","31-40",FALSE,0.114539824645954
"M","Summer","7150 - 7499","31-40",FALSE,0.170168348985048
"F","Summer","7150 - 7499","31-40",FALSE,0.13569307752064
"M","Autumn","8550 - 8900","31-40",FALSE,0.459893119292278
"F","Autumn","8550 - 8900","31-40",FALSE,0.394538441467512
"M","Spring","8550 - 8900","31-40",FALSE,0.490862333211637
"F","Spring","8550 - 8900","31-40",FALSE,0.424558611503653
"M","Winter","8550 - 8900","31-40",FALSE,0.273665778528167
"F","Winter","8550 - 8900","31-40",FALSE,0.223850289639814
"M","Summer","8550 - 8900","31-40",FALSE,0.313573504476625
"F","Summer","8550 - 8900","31-40",FALSE,0.259136632704283
"M","Autumn","8200 - 8549","31-40",FALSE,0.295786762594521
"F","Autumn","8200 - 8549","31-40",FALSE,0.24327041628282
"M","Spring","8200 - 8549","31-40",FALSE,0.322290426079975
"F","Spring","8200 - 8549","31-40",FALSE,0.266849582615302
"M","Winter","8200 - 8549","31-40",FALSE,0.156781230317868
"F","Winter","8200 - 8549","31-40",FALSE,0.124594821218891
"M","Summer","8200 - 8549","31-40",FALSE,0.184082880391119
"F","Summer","8200 - 8549","31-40",FALSE,0.147289461912745
"M","Autumn","5750 - 6099","61-70",FALSE,0.346833673740945
"F","Autumn","5750 - 6099","61-70",FALSE,0.289052396163401
"M","Spring","5750 - 6099","61-70",FALSE,0.375433844562617
"F","Spring","5750 - 6099","61-70",FALSE,0.315193194212006
"M","Winter","5750 - 6099","61-70",FALSE,0.190493042276869
"F","Winter","5750 - 6099","61-70",FALSE,0.152670258808829
"M","Summer","5750 - 6099","61-70",FALSE,0.221927854196839
"F","Summer","5750 - 6099","61-70",FALSE,0.179265722950766
"M","Autumn","6800 - 7149","61-70",FALSE,0.231782281962101
"F","Autumn","6800 - 7149","61-70",FALSE,0.187624520106581
"M","Spring","6800 - 7149","61-70",FALSE,0.254630997933331
"F","Spring","6800 - 7149","61-70",FALSE,0.207298719725616
"M","Winter","6800 - 7149","61-70",FALSE,0.117861522603298
"F","Winter","6800 - 7149","61-70",FALSE,0.0927914790234372
"M","Summer","6800 - 7149","61-70",FALSE,0.139521933520049
"F","Summer","6800 - 7149","61-70",FALSE,0.110431018234067
"M","Autumn","6100 - 6449","61-70",FALSE,0.245253231797262
"F","Autumn","6100 - 6449","61-70",FALSE,0.199205460468093
"M","Spring","6100 - 6449","61-70",FALSE,0.268951791565954
"F","Spring","6100 - 6449","61-70",FALSE,0.219754060240504
"M","Winter","6100 - 6449","61-70",FALSE,0.125815898807743
"F","Winter","6100 - 6449","61-70",FALSE,0.099247809907683
"M","Summer","6100 - 6449","61-70",FALSE,0.148640166431977
"F","Summer","6100 - 6449","61-70",FALSE,0.117911658448034
"M","Autumn","5400 - 5749","61-70",FALSE,0.486725795813367
"F","Autumn","5400 - 5749","61-70",FALSE,0.421559725615055
"M","Spring","5400 - 5749","61-70",FALSE,0.517272688410609
"F","Spring","5400 - 5749","61-70",FALSE,0.451619021144494
"M","Winter","5400 - 5749","61-70",FALSE,0.298123807036836
"F","Winter","5400 - 5749","61-70",FALSE,0.24599172169463
"M","Summer","5400 - 5749","61-70",FALSE,0.338981053180896
"F","Summer","5400 - 5749","61-70",FALSE,0.282591070759974
"M","Autumn","6450 - 6799","61-70",FALSE,0.159350088620107
"F","Autumn","6450 - 6799","61-70",FALSE,0.12672365388448
"M","Spring","6450 - 6799","61-70",FALSE,0.176695790524562
"F","Spring","6450 - 6799","61-70",FALSE,0.141117521494079
"M","Winter","6450 - 6799","61-70",FALSE,0.0774547690144121
"F","Winter","6450 - 6799","61-70",FALSE,0.0603918260712007
"M","Summer","6450 - 6799","61-70",FALSE,0.0924760403234779
"F","Summer","6450 - 6799","61-70",FALSE,0.0723658245862684
"M","Autumn","7850 - 8199","61-70",FALSE,0.177293119953066
"F","Autumn","7850 - 8199","61-70",FALSE,0.141603125661033
"M","Spring","7850 - 8199","61-70",FALSE,0.196140225239708
"F","Spring","7850 - 8199","61-70",FALSE,0.157384676863579
"M","Winter","7850 - 8199","61-70",FALSE,0.0871180795592627
"F","Winter","7850 - 8199","61-70",FALSE,0.0680817167387035
"M","Summer","7850 - 8199","61-70",FALSE,0.103804704486902
"F","Summer","7850 - 8199","61-70",FALSE,0.0814508470056291
"M","Autumn","7500 - 7849","61-70",FALSE,0.0793844932640251
"F","Autumn","7500 - 7849","61-70",FALSE,0.0619216841288164
"M","Spring","7500 - 7849","61-70",FALSE,0.0889497524736005
"F","Spring","7500 - 7849","61-70",FALSE,0.0695434445383315
"M","Winter","7500 - 7849","61-70",FALSE,0.0367836903344216
"F","Winter","7500 - 7849","61-70",FALSE,0.0284029804052707
"M","Summer","7500 - 7849","61-70",FALSE,0.0443190221973941
"F","Summer","7500 - 7849","61-70",FALSE,0.0342815321054914
"M","Autumn","7150 - 7499","61-70",FALSE,0.125295225509785
"F","Autumn","7150 - 7499","61-70",FALSE,0.0988160543430084
"M","Spring","7150 - 7499","61-70",FALSE,0.139556517947358
"F","Spring","7150 - 7499","61-70",FALSE,0.110446524662596
"M","Winter","7150 - 7499","61-70",FALSE,0.0596555604043516
"F","Winter","7150 - 7499","61-70",FALSE,0.0463149198855822
"M","Summer","7150 - 7499","61-70",FALSE,0.071506316761324
"F","Summer","7150 - 7499","61-70",FALSE,0.0556725678855014
"M","Autumn","8550 - 8900","61-70",FALSE,0.242072626241216
"F","Autumn","8550 - 8900","61-70",FALSE,0.196456334921714
"M","Spring","8550 - 8900","61-70",FALSE,0.265562071499455
"F","Spring","8550 - 8900","61-70",FALSE,0.216785679531304
"M","Winter","8550 - 8900","61-70",FALSE,0.123911334880328
"F","Winter","8550 - 8900","61-70",FALSE,0.097697204175076
"M","Summer","8550 - 8900","61-70",FALSE,0.146479707567778
"F","Summer","8550 - 8900","61-70",FALSE,0.116134237347443
"M","Autumn","8200 - 8549","61-70",FALSE,0.136158727253032
"F","Autumn","8200 - 8549","61-70",FALSE,0.107665683874914
"M","Spring","8200 - 8549","61-70",FALSE,0.151427905483494
"F","Spring","8200 - 8549","61-70",FALSE,0.120185880976503
"M","Winter","8200 - 8549","61-70",FALSE,0.0652483434951294
"F","Winter","8200 - 8549","61-70",FALSE,0.0507239731529122
"M","Summer","8200 - 8549","61-70",FALSE,0.0781160506997543
"F","Summer","8200 - 8549","61-70",FALSE,0.0609148657337518
"M","Autumn","5750 - 6099","41-50",FALSE,0.545366149834599
"F","Autumn","5750 - 6099","41-50",FALSE,0.478706292026545
"M","Spring","5750 - 6099","41-50",FALSE,0.575910581303823
"F","Spring","5750 - 6099","41-50",FALSE,0.509701466955974
"M","Winter","5750 - 6099","41-50",FALSE,0.34695193160889
"F","Winter","5750 - 6099","41-50",FALSE,0.289162088764853
"M","Summer","5750 - 6099","41-50",FALSE,0.391565546764975
"F","Summer","5750 - 6099","41-50",FALSE,0.330155766398985
"M","Autumn","6800 - 7149","41-50",FALSE,0.405477368607234
"F","Autumn","6800 - 7149","41-50",FALSE,0.342951038662677
"M","Spring","6800 - 7149","41-50",FALSE,0.435742910858231
"F","Spring","6800 - 7149","41-50",FALSE,0.371466311991739
"M","Winter","6800 - 7149","41-50",FALSE,0.231847502527715
"F","Winter","6800 - 7149","41-50",FALSE,0.1876777664473
"M","Summer","6800 - 7149","41-50",FALSE,0.26797658385956
"F","Summer","6800 - 7149","41-50",FALSE,0.218927284111224
"M","Autumn","6100 - 6449","41-50",FALSE,0.42342614468168
"F","Autumn","6100 - 6449","41-50",FALSE,0.359833773562877
"M","Spring","6100 - 6449","41-50",FALSE,0.453991015365269
"F","Spring","6100 - 6449","41-50",FALSE,0.388904459046042
"M","Winter","6100 - 6449","41-50",FALSE,0.245340020808569
"F","Winter","6100 - 6449","41-50",FALSE,0.199279995714397
"M","Summer","6100 - 6449","41-50",FALSE,0.282723686931759
"F","Summer","6100 - 6449","41-50",FALSE,0.231841256841523
"M","Autumn","5400 - 5749","41-50",FALSE,0.679422622231925
"F","Autumn","5400 - 5749","41-50",FALSE,0.619465410326489
"M","Spring","5400 - 5749","41-50",FALSE,0.705513897478772
"F","Spring","5400 - 5749","41-50",FALSE,0.647870677047423
"M","Winter","5400 - 5749","41-50",FALSE,0.48683935449711
"F","Winter","5400 - 5749","41-50",FALSE,0.421669485397877
"M","Summer","5400 - 5749","41-50",FALSE,0.533946224366492
"F","Summer","5400 - 5749","41-50",FALSE,0.468188884082317
"M","Autumn","6450 - 6799","41-50",FALSE,0.299835479539825
"F","Autumn","6450 - 6799","41-50",FALSE,0.246868409765592
"M","Spring","6450 - 6799","41-50",FALSE,0.326534880469615
"F","Spring","6450 - 6799","41-50",FALSE,0.270676467471362
"M","Winter","6450 - 6799","41-50",FALSE,0.159388803226639
"F","Winter","6450 - 6799","41-50",FALSE,0.126754029615752
"M","Summer","6450 - 6799","41-50",FALSE,0.187027050458572
"F","Summer","6450 - 6799","41-50",FALSE,0.149761043883053
"M","Autumn","7850 - 8199","41-50",FALSE,0.327526219687536
"F","Autumn","7850 - 8199","41-50",FALSE,0.27153860013098
"M","Spring","7850 - 8199","41-50",FALSE,0.355451994432911
"F","Spring","7850 - 8199","41-50",FALSE,0.296797415380528
"M","Winter","7850 - 8199","41-50",FALSE,0.177343178505048
"F","Winter","7850 - 8199","41-50",FALSE,0.141643401447714
"M","Summer","7850 - 8199","41-50",FALSE,0.207322986466827
"F","Summer","7850 - 8199","41-50",FALSE,0.166835856310086
"M","Autumn","7500 - 7849","41-50",FALSE,0.163030030110952
"F","Autumn","7500 - 7849","41-50",FALSE,0.129754473103959
"M","Spring","7500 - 7849","41-50",FALSE,0.180693877918615
"F","Spring","7500 - 7849","41-50",FALSE,0.144437257117813
"M","Winter","7500 - 7849","41-50",FALSE,0.0794059647520052
"F","Winter","7500 - 7849","41-50",FALSE,0.0619386843135232
"M","Summer","7500 - 7849","41-50",FALSE,0.0948063007250705
"F","Summer","7500 - 7849","41-50",FALSE,0.0742278191088389
"M","Autumn","7150 - 7499","41-50",FALSE,0.244517310758783
"F","Autumn","7150 - 7499","41-50",FALSE,0.198541563004843
"M","Spring","7150 - 7499","41-50",FALSE,0.268188968935512
"F","Spring","7150 - 7499","41-50",FALSE,0.219054618559456
"M","Winter","7150 - 7499","41-50",FALSE,0.125336137204543
"F","Winter","7150 - 7499","41-50",FALSE,0.0988490548634894
"M","Summer","7150 - 7499","41-50",FALSE,0.148150868893968
"F","Summer","7150 - 7499","41-50",FALSE,0.117501178659452
"M","Autumn","8550 - 8900","41-50",FALSE,0.419271313850305
"F","Autumn","8550 - 8900","41-50",FALSE,0.355891402038706
"M","Spring","8550 - 8900","41-50",FALSE,0.44977981016429
"F","Spring","8550 - 8900","41-50",FALSE,0.384837872590382
"M","Winter","8550 - 8900","41-50",FALSE,0.24213985183518
"F","Winter","8550 - 8900","41-50",FALSE,0.196511153142741
"M","Summer","8550 - 8900","41-50",FALSE,0.279260334787502
"F","Summer","8550 - 8900","41-50",FALSE,0.228790943373861
"M","Autumn","8200 - 8549","41-50",FALSE,0.262619755496129
"F","Autumn","8200 - 8549","41-50",FALSE,0.214203148890336
"M","Spring","8200 - 8549","41-50",FALSE,0.287363122134604
"F","Spring","8200 - 8549","41-50",FALSE,0.23584278468306
"M","Winter","8200 - 8549","41-50",FALSE,0.136195546427284
"F","Winter","8200 - 8549","41-50",FALSE,0.107694896315003
"M","Summer","8200 - 8549","41-50",FALSE,0.160615560312489
"F","Summer","8200 - 8549","41-50",FALSE,0.127774454414543
"M","Autumn","5750 - 6099","Under 18",FALSE,0.69689638888071
"F","Autumn","5750 - 6099","Under 18",FALSE,0.637864458028449
"M","Spring","5750 - 6099","Under 18",FALSE,0.722374187621083
"F","Spring","5750 - 6099","Under 18",FALSE,0.665908042932144
"M","Winter","5750 - 6099","Under 18",FALSE,0.505129235898471
"F","Winter","5750 - 6099","Under 18",FALSE,0.438936221209007
"M","Summer","5750 - 6099","Under 18",FALSE,0.552506217438091
"F","Summer","5750 - 6099","Under 18",FALSE,0.486266796697296
"M","Autumn","6800 - 7149","Under 18",FALSE,0.567252373966451
"F","Autumn","6800 - 7149","Under 18",FALSE,0.501028626324305
"M","Spring","6800 - 7149","Under 18",FALSE,0.597342084181039
"F","Spring","6800 - 7149","Under 18",FALSE,0.531914360259832
"M","Winter","6800 - 7149","Under 18",FALSE,0.367754569612142
"F","Winter","6800 - 7149","Under 18",FALSE,0.30827599130227
"M","Summer","6800 - 7149","Under 18",FALSE,0.413250083008763
"F","Summer","6800 - 7149","Under 18",FALSE,0.350579022475135
"M","Autumn","6100 - 6449","Under 18",FALSE,0.58517031563296
"F","Autumn","6100 - 6449","Under 18",FALSE,0.519389419379949
"M","Spring","6100 - 6449","Under 18",FALSE,0.614851360804591
"F","Spring","6100 - 6449","Under 18",FALSE,0.550146923111611
"M","Winter","6100 - 6449","Under 18",FALSE,0.385053351774956
"F","Winter","6100 - 6449","Under 18",FALSE,0.324236620555021
"M","Summer","6100 - 6449","Under 18",FALSE,0.431164381629089
"F","Summer","6100 - 6449","Under 18",FALSE,0.367493991634313
"M","Autumn","5400 - 5749","Under 18",FALSE,0.801070347090602
"F","Autumn","5400 - 5749","Under 18",FALSE,0.755630566819187
"M","Spring","5400 - 5749","Under 18",FALSE,0.819914436039304
"F","Spring","5400 - 5749","Under 18",FALSE,0.777537097625542
"M","Winter","5400 - 5749","Under 18",FALSE,0.643206655861505
"F","Winter","5400 - 5749","Under 18",FALSE,0.580959968211259
"M","Summer","5400 - 5749","Under 18",FALSE,0.685239687077768
"F","Summer","5400 - 5749","Under 18",FALSE,0.625975242564818
"M","Autumn","6450 - 6799","Under 18",FALSE,0.451827579610582
"F","Autumn","6450 - 6799","Under 18",FALSE,0.387081205648879
"M","Spring","6450 - 6799","Under 18",FALSE,0.482602743144461
"F","Spring","6450 - 6799","Under 18",FALSE,0.416798019220972
"M","Winter","6450 - 6799","Under 18",FALSE,0.267891610853659
"F","Winter","6450 - 6799","Under 18",FALSE,0.218970595595635
"M","Summer","6450 - 6799","Under 18",FALSE,0.307158090264157
"F","Summer","6450 - 6799","Under 18",FALSE,0.253610915004342
"M","Autumn","7850 - 8199","Under 18",FALSE,0.483817747928859
"F","Autumn","7850 - 8199","Under 18",FALSE,0.417941580710847
"M","Spring","7850 - 8199","Under 18",FALSE,0.514744984743934
"F","Spring","7850 - 8199","Under 18",FALSE,0.448310129358952
"M","Winter","7850 - 8199","Under 18",FALSE,0.293752016817351
"F","Winter","7850 - 8199","Under 18",FALSE,0.24165295066152
"M","Summer","7850 - 8199","Under 18",FALSE,0.335056684348821
"F","Summer","7850 - 8199","Under 18",FALSE,0.278588439550539
"M","Autumn","7500 - 7849","Under 18",FALSE,0.273243263148139
"F","Autumn","7500 - 7849","Under 18",FALSE,0.223623942026019
"M","Spring","7500 - 7849","Under 18",FALSE,0.298493269161269
"F","Spring","7500 - 7849","Under 18",FALSE,0.245847421820003
"M","Winter","7500 - 7849","Under 18",FALSE,0.142961217565567
"F","Winter","7500 - 7849","Under 18",FALSE,0.113292374411127
"M","Summer","7500 - 7849","Under 18",FALSE,0.168294718162152
"F","Summer","7500 - 7849","Under 18",FALSE,0.134215620448476
"M","Autumn","7150 - 7499","Under 18",FALSE,0.384139215959077
"F","Autumn","7150 - 7499","Under 18",FALSE,0.323340915011222
"M","Spring","7150 - 7499","Under 18",FALSE,0.413802346331972
"F","Spring","7150 - 7499","Under 18",FALSE,0.350988048726202
"M","Winter","7150 - 7499","Under 18",FALSE,0.216784771501364
"F","Winter","7150 - 7499","Under 18",FALSE,0.174939953991573
"M","Summer","7150 - 7499","Under 18",FALSE,0.251224627984821
"F","Summer","7150 - 7499","Under 18",FALSE,0.204513253806564
"M","Autumn","8550 - 8900","Under 18",FALSE,0.5811127295011
"F","Autumn","8550 - 8900","Under 18",FALSE,0.515194354478613
"M","Spring","8550 - 8900","Under 18",FALSE,0.610912545909785
"F","Spring","8550 - 8900","Under 18",FALSE,0.546002816798909
"M","Winter","8550 - 8900","Under 18",FALSE,0.38102918732802
"F","Winter","8550 - 8900","Under 18",FALSE,0.320494221838869
"M","Summer","8550 - 8900","Under 18",FALSE,0.427028423783316
"F","Summer","8550 - 8900","Under 18",FALSE,0.363561310836003
"M","Autumn","8200 - 8549","Under 18",FALSE,0.406932053428958
"F","Autumn","8200 - 8549","Under 18",FALSE,0.344550812765249
"M","Spring","8200 - 8549","Under 18",FALSE,0.437096829018946
"F","Spring","8200 - 8549","Under 18",FALSE,0.372997344494458
"M","Winter","8200 - 8549","Under 18",FALSE,0.233423254229137
"F","Winter","8200 - 8549","Under 18",FALSE,0.189147653176594
"M","Summer","8200 - 8549","Under 18",FALSE,0.269569973886643
"F","Summer","8200 - 8549","Under 18",FALSE,0.220460996806704
"M","Autumn","5750 - 6099","71-80",FALSE,0.357622267966824
"F","Autumn","5750 - 6099","71-80",FALSE,0.299221106400928
"M","Spring","5750 - 6099","71-80",FALSE,0.386381151614845
"F","Spring","5750 - 6099","71-80",FALSE,0.325683027845217
"M","Winter","5750 - 6099","71-80",FALSE,0.198595433904056
"F","Winter","5750 - 6099","71-80",FALSE,0.159626816367555
"M","Summer","5750 - 6099","71-80",FALSE,0.230821157578814
"F","Summer","5750 - 6099","71-80",FALSE,0.187049112558419
"M","Autumn","6800 - 7149","71-80",FALSE,0.240964093054397
"F","Autumn","6800 - 7149","71-80",FALSE,0.195708543550667
"M","Spring","6800 - 7149","71-80",FALSE,0.264263036001984
"F","Spring","6800 - 7149","71-80",FALSE,0.215894345599351
"M","Winter","6800 - 7149","71-80",FALSE,0.123600514605468
"F","Winter","6800 - 7149","71-80",FALSE,0.0975073818102936
"M","Summer","6800 - 7149","71-80",FALSE,0.146059694828699
"F","Summer","6800 - 7149","71-80",FALSE,0.115876107307634
"M","Autumn","6100 - 6449","71-80",FALSE,0.254721478662546
"F","Autumn","6100 - 6449","71-80",FALSE,0.207612686837863
"M","Spring","6100 - 6449","71-80",FALSE,0.278842575153865
"F","Spring","6100 - 6449","71-80",FALSE,0.228659949191572
"M","Winter","6100 - 6449","71-80",FALSE,0.131868084246263
"F","Winter","6100 - 6449","71-80",FALSE,0.104247030875775
"M","Summer","6100 - 6449","71-80",FALSE,0.155503562385672
"F","Summer","6100 - 6449","71-80",FALSE,0.123661504339917
"M","Autumn","5400 - 5749","71-80",FALSE,0.497389423795617
"F","Autumn","5400 - 5749","71-80",FALSE,0.432493058319706
"M","Spring","5400 - 5749","71-80",FALSE,0.527686415783888
"F","Spring","5400 - 5749","71-80",FALSE,0.462476687525635
"M","Winter","5400 - 5749","71-80",FALSE,0.308356339954769
"F","Winter","5400 - 5749","71-80",FALSE,0.255403415674736
"M","Summer","5400 - 5749","71-80",FALSE,0.349650674543526
"F","Summer","5400 - 5749","71-80",FALSE,0.292637592831592
"M","Autumn","6450 - 6799","71-80",FALSE,0.166557067056469
"F","Autumn","6450 - 6799","71-80",FALSE,0.132796610460825
"M","Spring","6450 - 6799","71-80",FALSE,0.184427260690855
"F","Spring","6450 - 6799","71-80",FALSE,0.147700063017198
"M","Winter","6450 - 6799","71-80",FALSE,0.0814783008815993
"F","Winter","6450 - 6799","71-80",FALSE,0.0636172397215922
"M","Summer","6450 - 6799","71-80",FALSE,0.0971610249360523
"F","Summer","6450 - 6799","71-80",FALSE,0.0761569524029416
"M","Autumn","7850 - 8199","71-80",FALSE,0.185091843363587
"F","Autumn","7850 - 8199","71-80",FALSE,0.148248389622049
"M","Spring","7850 - 8199","71-80",FALSE,0.20445855198125
"F","Spring","7850 - 8199","71-80",FALSE,0.164552719478397
"M","Winter","7850 - 8199","71-80",FALSE,0.0915969429122141
"F","Winter","7850 - 8199","71-80",FALSE,0.0716940420388796
"M","Summer","7850 - 8199","71-80",FALSE,0.108991372702015
"F","Summer","7850 - 8199","71-80",FALSE,0.0856778757734009
"M","Autumn","7500 - 7849","71-80",FALSE,0.0835332229228676
"F","Autumn","7500 - 7849","71-80",FALSE,0.0652527142982177
"M","Spring","7500 - 7849","71-80",FALSE,0.093515820857028
"F","Spring","7500 - 7849","71-80",FALSE,0.0732308280648038
"M","Winter","7500 - 7849","71-80",FALSE,0.038836567880727
"F","Winter","7500 - 7849","71-80",FALSE,0.0300086397483321
"M","Summer","7500 - 7849","71-80",FALSE,0.0467645426918736
"F","Summer","7500 - 7849","71-80",FALSE,0.0362034161581086
"M","Autumn","7150 - 7499","71-80",FALSE,0.131351630119801
"F","Autumn","7150 - 7499","71-80",FALSE,0.103816935881795
"M","Spring","7150 - 7499","71-80",FALSE,0.146123076940825
"F","Spring","7150 - 7499","71-80",FALSE,0.115915295701339
"M","Winter","7150 - 7499","71-80",FALSE,0.0628683475490132
"F","Winter","7150 - 7499","71-80",FALSE,0.0488632009886156
"M","Summer","7150 - 7499","71-80",FALSE,0.0752835301224939
"F","Summer","7150 - 7499","71-80",FALSE,0.0586909685328413
"M","Autumn","8550 - 8900","71-80",FALSE,0.251477348677619
"F","Autumn","8550 - 8900","71-80",FALSE,0.204789290466616
"M","Spring","8550 - 8900","71-80",FALSE,0.275397454261211
"F","Spring","8550 - 8900","71-80",FALSE,0.225621619103822
"M","Winter","8550 - 8900","71-80",FALSE,0.129888164278044
"F","Winter","8550 - 8900","71-80",FALSE,0.102627097208443
"M","Summer","8550 - 8900","71-80",FALSE,0.15326586136838
"F","Summer","8550 - 8900","71-80",FALSE,0.121810594429327
"M","Autumn","8200 - 8549","71-80",FALSE,0.14260498506941
"F","Autumn","8200 - 8549","71-80",FALSE,0.113022969504449
"M","Spring","8200 - 8549","71-80",FALSE,0.158393270287645
"F","Spring","8200 - 8549","71-80",FALSE,0.126027665077627
"M","Winter","8200 - 8549","71-80",FALSE,0.0687239656310853
"F","Winter","8200 - 8549","71-80",FALSE,0.0534898777800847
"M","Summer","8200 - 8549","71-80",FALSE,0.0821891599609789
"F","Summer","8200 - 8549","71-80",FALSE,0.0641824833075338
"M","Autumn","5750 - 6099","81-90",FALSE,0.00071210016575081
"F","Autumn","5750 - 6099","81-90",FALSE,0.000564871121309033
"M","Spring","5750 - 6099","81-90",FALSE,0.000780273540944433
"F","Spring","5750 - 6099","81-90",FALSE,0.000620967136851862
"M","Winter","5750 - 6099","81-90",FALSE,0.000351066756606032
"F","Winter","5750 - 6099","81-90",FALSE,0.000272470459054823
"M","Summer","5750 - 6099","81-90",FALSE,0.000415918837580469
"F","Summer","5750 - 6099","81-90",FALSE,0.000324398199692138
"M","Autumn","6800 - 7149","81-90",FALSE,0.000433432054847847
"F","Autumn","6800 - 7149","81-90",FALSE,0.000337889915883024
"M","Spring","6800 - 7149","81-90",FALSE,0.000478336955808995
"F","Spring","6800 - 7149","81-90",FALSE,0.000373775759919703
"M","Winter","6800 - 7149","81-90",FALSE,0.000204876813991552
"F","Winter","6800 - 7149","81-90",FALSE,0.00015733696540609
"M","Summer","6800 - 7149","81-90",FALSE,0.000245151936497774
"F","Summer","6800 - 7149","81-90",FALSE,0.000188911047374857
"M","Autumn","6100 - 6449","81-90",FALSE,0.000463695676211427
"F","Autumn","6100 - 6449","81-90",FALSE,0.000361785735007732
"M","Spring","6100 - 6449","81-90",FALSE,0.000511562567233492
"F","Spring","6100 - 6449","81-90",FALSE,0.000400145634223686
"M","Winter","6100 - 6449","81-90",FALSE,0.000220009828205941
"F","Winter","6100 - 6449","81-90",FALSE,0.000168980245668977
"M","Summer","6100 - 6449","81-90",FALSE,0.000263263199025254
"F","Summer","6100 - 6449","81-90",FALSE,0.0002029318534729
"M","Autumn","5400 - 5749","81-90",FALSE,0.00119861469982794
"F","Autumn","5400 - 5749","81-90",FALSE,0.000979433747516762
"M","Spring","5400 - 5749","81-90",FALSE,0.00129829560054035
"F","Spring","5400 - 5749","81-90",FALSE,0.00106521863315184
"M","Winter","5400 - 5749","81-90",FALSE,0.000643305652159439
"F","Winter","5400 - 5749","81-90",FALSE,0.000510638115597765
"M","Summer","5400 - 5749","81-90",FALSE,0.000746990122629104
"F","Summer","5400 - 5749","81-90",FALSE,0.000596756899427247
"M","Autumn","6450 - 6799","81-90",FALSE,0.000279443605824509
"F","Autumn","6450 - 6799","81-90",FALSE,0.000215654865328629
"M","Spring","6450 - 6799","81-90",FALSE,0.000309723183897013
"F","Spring","6450 - 6799","81-90",FALSE,0.000239400184583143
"M","Winter","6450 - 6799","81-90",FALSE,0.000128861481738367
"F","Winter","6450 - 6799","81-90",FALSE,9.84472551182532e-05
"M","Summer","6450 - 6799","81-90",FALSE,0.000155068808191621
"F","Summer","6450 - 6799","81-90",FALSE,0.000118760420847451
"M","Autumn","7850 - 8199","81-90",FALSE,0.000321271093060363
"F","Autumn","7850 - 8199","81-90",FALSE,0.000248660266409607
"M","Spring","7850 - 8199","81-90",FALSE,0.000355587787629865
"F","Spring","7850 - 8199","81-90",FALSE,0.000275735081498755
"M","Winter","7850 - 8199","81-90",FALSE,0.000149261657010149
"F","Winter","7850 - 8199","81-90",FALSE,0.000114175716118625
"M","Summer","7850 - 8199","81-90",FALSE,0.000179128441938109
"F","Summer","7850 - 8199","81-90",FALSE,0.000137400084239338
"M","Autumn","7500 - 7849","81-90",FALSE,0.000137914771328283
"F","Autumn","7500 - 7849","81-90",FALSE,0.000105499355783361
"M","Spring","7500 - 7849","81-90",FALSE,0.000153330608952366
"F","Spring","7500 - 7849","81-90",FALSE,0.000117388266230336
"M","Winter","7500 - 7849","81-90",FALSE,6.2339925877766e-05
"F","Winter","7500 - 7849","81-90",FALSE,4.7412404413274e-05
"M","Summer","7500 - 7849","81-90",FALSE,7.5293569767117e-05
"F","Summer","7500 - 7849","81-90",FALSE,5.7356877502414e-05
"M","Autumn","7150 - 7499","81-90",FALSE,0.000219358366318525
"F","Autumn","7150 - 7499","81-90",FALSE,0.000168575698766335
"M","Spring","7150 - 7499","81-90",FALSE,0.000243496754996499
"F","Spring","7150 - 7499","81-90",FALSE,0.000187369945353941
"M","Winter","7150 - 7499","81-90",FALSE,0.00010036768503304
"F","Winter","7150 - 7499","81-90",FALSE,7.64902278713835e-05
"M","Summer","7150 - 7499","81-90",FALSE,0.000120691882141091
"F","Summer","7150 - 7499","81-90",FALSE,9.21715145701214e-05
"M","Autumn","8550 - 8900","81-90",FALSE,0.000458999059378774
"F","Autumn","8550 - 8900","81-90",FALSE,0.000358424515724308
"M","Spring","8550 - 8900","81-90",FALSE,0.000506151914289134
"F","Spring","8550 - 8900","81-90",FALSE,0.000396222462947798
"M","Winter","8550 - 8900","81-90",FALSE,0.000217867568447468
"F","Winter","8550 - 8900","81-90",FALSE,0.000167469945079721
"M","Summer","8550 - 8900","81-90",FALSE,0.000260368952418798
"F","Summer","8550 - 8900","81-90",FALSE,0.00020085705419538
"M","Autumn","8200 - 8549","81-90",FALSE,0.00023974671617172
"F","Autumn","8200 - 8549","81-90",FALSE,0.000184634719039935
"M","Spring","8200 - 8549","81-90",FALSE,0.000265848986800001
"F","Spring","8200 - 8549","81-90",FALSE,0.00020502457025999
"M","Winter","8200 - 8549","81-90",FALSE,0.000110084683586797
"F","Winter","8200 - 8549","81-90",FALSE,8.40058224663703e-05
"M","Summer","8200 - 8549","81-90",FALSE,0.000132434844682281
"F","Summer","8200 - 8549","81-90",FALSE,0.0001012896288487
"M","Autumn","5750 - 6099","19-30",TRUE,0.830641806312207
"F","Autumn","5750 - 6099","19-30",TRUE,0.789874888427618
"M","Spring","5750 - 6099","19-30",TRUE,0.847300130652065
"F","Spring","5750 - 6099","19-30",TRUE,0.80960127827333
"M","Winter","5750 - 6099","19-30",TRUE,0.685730696950367
"F","Winter","5750 - 6099","19-30",TRUE,0.626036339094223
"M","Summer","5750 - 6099","19-30",TRUE,0.72489958712731
"F","Summer","5750 - 6099","19-30",TRUE,0.669082007473769
"M","Autumn","6800 - 7149","19-30",TRUE,0.737030174014674
"F","Autumn","6800 - 7149","19-30",TRUE,0.682425526957864
"M","Spring","6800 - 7149","19-30",TRUE,0.760211982238092
"F","Spring","6800 - 7149","19-30",TRUE,0.708492219283805
"M","Winter","6800 - 7149","19-30",TRUE,0.555141141119231
"F","Winter","6800 - 7149","19-30",TRUE,0.489131854551407
"M","Summer","6800 - 7149","19-30",TRUE,0.601213567384533
"F","Summer","6800 - 7149","19-30",TRUE,0.536424101465296
"M","Autumn","6100 - 6449","19-30",TRUE,0.750940310246927
"F","Autumn","6100 - 6449","19-30",TRUE,0.698035808279863
"M","Spring","6100 - 6449","19-30",TRUE,0.773278485540133
"F","Spring","6100 - 6449","19-30",TRUE,0.723344628033774
"M","Winter","6100 - 6449","19-30",TRUE,0.573098883239594
"F","Winter","6100 - 6449","19-30",TRUE,0.507398005541938
"M","Summer","6100 - 6449","19-30",TRUE,0.618581928561618
"F","Summer","6100 - 6449","19-30",TRUE,0.554513965722233
"M","Autumn","5400 - 5749","19-30",TRUE,0.895131564825033
"F","Autumn","5400 - 5749","19-30",TRUE,0.867528596791251
"M","Spring","5400 - 5749","19-30",TRUE,0.906129997713884
"F","Spring","5400 - 5749","19-30",TRUE,0.881008924786288
"M","Winter","5400 - 5749","19-30",TRUE,0.792281255286412
"F","Winter","5400 - 5749","19-30",TRUE,0.745692019071282
"M","Summer","5400 - 5749","19-30",TRUE,0.821664525646466
"F","Summer","5400 - 5749","19-30",TRUE,0.779755010000276
"M","Autumn","6450 - 6799","19-30",TRUE,0.63836163430774
"F","Autumn","6450 - 6799","19-30",TRUE,0.575207549536492
"M","Spring","6450 - 6799","19-30",TRUE,0.666266246512357
"F","Spring","6450 - 6799","19-30",TRUE,0.604948990769739
"M","Winter","6450 - 6799","19-30",TRUE,0.440341883400095
"F","Winter","6450 - 6799","19-30",TRUE,0.376462630967335
"M","Summer","6450 - 6799","19-30",TRUE,0.487500515542741
"F","Summer","6450 - 6799","19-30",TRUE,0.422044582516618
"M","Autumn","7850 - 8199","19-30",TRUE,0.667423791873962
"F","Autumn","7850 - 8199","19-30",TRUE,0.606164876202244
"M","Spring","7850 - 8199","19-30",TRUE,0.694178492541604
"F","Spring","7850 - 8199","19-30",TRUE,0.63513038688897
"M","Winter","7850 - 8199","19-30",TRUE,0.472038973063494
"F","Winter","7850 - 8199","19-30",TRUE,0.406883650898405
"M","Summer","7850 - 8199","19-30",TRUE,0.519401309058743
"F","Summer","7850 - 8199","19-30",TRUE,0.45342742124324
"M","Autumn","7500 - 7849","19-30",TRUE,0.447121440270083
"F","Autumn","7500 - 7849","19-30",TRUE,0.382919693359792
"M","Spring","7500 - 7849","19-30",TRUE,0.477688032628948
"F","Spring","7500 - 7849","19-30",TRUE,0.412378949656866
"M","Winter","7500 - 7849","19-30",TRUE,0.264917462947067
"F","Winter","7500 - 7849","19-30",TRUE,0.216559044027672
"M","Summer","7500 - 7849","19-30",TRUE,0.303819534481012
"F","Summer","7500 - 7849","19-30",TRUE,0.250874449703923
"M","Autumn","7150 - 7499","19-30",TRUE,0.572296442119569
"F","Autumn","7150 - 7499","19-30",TRUE,0.506552214524
"M","Spring","7150 - 7499","19-30",TRUE,0.602111876090324
"F","Spring","7150 - 7499","19-30",TRUE,0.537234095141041
"M","Winter","7150 - 7499","19-30",TRUE,0.37359566554537
"F","Winter","7150 - 7499","19-30",TRUE,0.313934093026768
"M","Summer","7150 - 7499","19-30",TRUE,0.419089687081481
"F","Summer","7150 - 7499","19-30",TRUE,0.356404842564802
"M","Autumn","8550 - 8900","19-30",TRUE,0.747837996777176
"F","Autumn","8550 - 8900","19-30",TRUE,0.694533883945573
"M","Spring","8550 - 8900","19-30",TRUE,0.770389831715002
"F","Spring","8550 - 8900","19-30",TRUE,0.720038725449888
"M","Winter","8550 - 8900","19-30",TRUE,0.569015522601229
"F","Winter","8550 - 8900","19-30",TRUE,0.503215806920769
"M","Summer","8550 - 8900","19-30",TRUE,0.614640197341319
"F","Summer","8550 - 8900","19-30",TRUE,0.550386286628452
"M","Autumn","8200 - 8549","19-30",TRUE,0.595330856771102
"F","Autumn","8200 - 8549","19-30",TRUE,0.530203714722932
"M","Spring","8200 - 8549","19-30",TRUE,0.624608196776313
"F","Spring","8200 - 8549","19-30",TRUE,0.56069736233341
"M","Winter","8200 - 8549","19-30",TRUE,0.396012746014507
"F","Winter","8200 - 8549","19-30",TRUE,0.334686519061686
"M","Summer","8200 - 8549","19-30",TRUE,0.442270695841257
"F","Summer","8200 - 8549","19-30",TRUE,0.378377990717909
"M","Autumn","5750 - 6099","51-60",TRUE,0.725487247036281
"F","Autumn","5750 - 6099","51-60",TRUE,0.669649887605443
"M","Spring","5750 - 6099","51-60",TRUE,0.749313531109559
"F","Spring","5750 - 6099","51-60",TRUE,0.696266048670527
"M","Winter","5750 - 6099","51-60",TRUE,0.540878662980251
"F","Winter","5750 - 6099","51-60",TRUE,0.474855956112013
"M","Summer","5750 - 6099","51-60",TRUE,0.587331682087703
"F","Summer","5750 - 6099","51-60",TRUE,0.522147924035048
"M","Autumn","6800 - 7149","51-60",TRUE,0.601777290198928
"F","Autumn","6800 - 7149","51-60",TRUE,0.536878127397916
"M","Spring","6800 - 7149","51-60",TRUE,0.630867433813814
"F","Spring","6800 - 7149","51-60",TRUE,0.567286456537701
"M","Winter","6800 - 7149","51-60",TRUE,0.402452218548279
"F","Winter","6800 - 7149","51-60",TRUE,0.340697859884364
"M","Summer","6800 - 7149","51-60",TRUE,0.448885078038674
"F","Summer","6800 - 7149","51-60",TRUE,0.384701472290288
"M","Autumn","6100 - 6449","51-60",TRUE,0.619143261358118
"F","Autumn","6100 - 6449","51-60",TRUE,0.554985322694707
"M","Spring","6100 - 6449","51-60",TRUE,0.647707935292359
"F","Spring","6100 - 6449","51-60",TRUE,0.585119868997537
"M","Winter","6100 - 6449","51-60",TRUE,0.420168250944995
"F","Winter","6100 - 6449","51-60",TRUE,0.357339815512166
"M","Summer","6100 - 6449","51-60",TRUE,0.466997653588756
"F","Summer","6100 - 6449","51-60",TRUE,0.402118562491776
"M","Autumn","5400 - 5749","51-60",TRUE,0.821878869802252
"F","Autumn","5400 - 5749","51-60",TRUE,0.779994735448527
"M","Spring","5400 - 5749","51-60",TRUE,0.83909696862466
"F","Spring","5400 - 5749","51-60",TRUE,0.800227482120617
"M","Winter","5400 - 5749","51-60",TRUE,0.674381285926848
"F","Winter","5400 - 5749","51-60",TRUE,0.614557250386183
"M","Summer","5400 - 5749","51-60",TRUE,0.714219520251468
"F","Summer","5400 - 5749","51-60",TRUE,0.657906987298395
"M","Autumn","6450 - 6799","51-60",TRUE,0.487856929929177
"F","Autumn","6450 - 6799","51-60",TRUE,0.422277008392263
"M","Spring","6450 - 6799","51-60",TRUE,0.518594198787145
"F","Spring","6450 - 6799","51-60",TRUE,0.452535660336924
"M","Winter","6450 - 6799","51-60",TRUE,0.298059151591412
"F","Winter","6450 - 6799","51-60",TRUE,0.245700770548856
"M","Summer","6450 - 6799","51-60",TRUE,0.339469496437937
"F","Summer","6450 - 6799","51-60",TRUE,0.282859118318484
"M","Autumn","7850 - 8199","51-60",TRUE,0.519821464312782
"F","Autumn","7850 - 8199","51-60",TRUE,0.453719947581723
"M","Spring","7850 - 8199","51-60",TRUE,0.55042115061669
"F","Spring","7850 - 8199","51-60",TRUE,0.484350137920417
"M","Winter","7850 - 8199","51-60",TRUE,0.325442996123495
"F","Winter","7850 - 8199","51-60",TRUE,0.270125266734371
"M","Summer","7850 - 8199","51-60",TRUE,0.368619671972524
"F","Summer","7850 - 8199","51-60",TRUE,0.309427106342449
"M","Autumn","7500 - 7849","51-60",TRUE,0.30381128188121
"F","Autumn","7500 - 7849","51-60",TRUE,0.250795195948555
"M","Spring","7500 - 7849","51-60",TRUE,0.330472817104288
"F","Spring","7500 - 7849","51-60",TRUE,0.274661789509471
"M","Winter","7500 - 7849","51-60",TRUE,0.162629375912997
"F","Winter","7500 - 7849","51-60",TRUE,0.12958835943365
"M","Summer","7500 - 7849","51-60",TRUE,0.190579074477857
"F","Summer","7500 - 7849","51-60",TRUE,0.152944073759721
"M","Autumn","7150 - 7499","51-60",TRUE,0.41930964050374
"F","Autumn","7150 - 7499","51-60",TRUE,0.356504658487241
"M","Spring","7150 - 7499","51-60",TRUE,0.44953450238385
"F","Spring","7150 - 7499","51-60",TRUE,0.385218596579044
"M","Winter","7150 - 7499","51-60",TRUE,0.243394586114471
"F","Winter","7150 - 7499","51-60",TRUE,0.197886143434515
"M","Summer","7150 - 7499","51-60",TRUE,0.280364280524096
"F","Summer","7150 - 7499","51-60",TRUE,0.230122940150131
"M","Autumn","8550 - 8900","51-60",TRUE,0.615211713994055
"F","Autumn","8550 - 8900","51-60",TRUE,0.550859574366267
"M","Spring","8550 - 8900","51-60",TRUE,0.643918575390661
"F","Spring","8550 - 8900","51-60",TRUE,0.58107575754004
"M","Winter","8550 - 8900","51-60",TRUE,0.416077257044077
"F","Winter","8550 - 8900","51-60",TRUE,0.353473483083378
"M","Summer","8550 - 8900","51-60",TRUE,0.462836759096363
"F","Summer","8550 - 8900","51-60",TRUE,0.398097966123772
"M","Autumn","8200 - 8549","51-60",TRUE,0.442538460819766
"F","Autumn","8200 - 8549","51-60",TRUE,0.378523140507091
"M","Spring","8200 - 8549","51-60",TRUE,0.473069056865475
"F","Spring","8200 - 8549","51-60",TRUE,0.407873957043707
"M","Winter","8200 - 8549","51-60",TRUE,0.261277307301183
"F","Winter","8200 - 8549","51-60",TRUE,0.21337747798639
"M","Summer","8200 - 8549","51-60",TRUE,0.299852466319273
"F","Summer","8200 - 8549","51-60",TRUE,0.247331124570989
"M","Autumn","5750 - 6099","31-40",TRUE,0.816718164523522
"F","Autumn","5750 - 6099","31-40",TRUE,0.773537053832315
"M","Spring","5750 - 6099","31-40",TRUE,0.834465862935348
"F","Spring","5750 - 6099","31-40",TRUE,0.79438929108718
"M","Winter","5750 - 6099","31-40",TRUE,0.664779684389584
"F","Winter","5750 - 6099","31-40",TRUE,0.603434994875413
"M","Summer","5750 - 6099","31-40",TRUE,0.705452109849203
"F","Summer","5750 - 6099","31-40",TRUE,0.647635261454421
"M","Autumn","6800 - 7149","31-40",TRUE,0.718052865126948
"F","Autumn","6800 - 7149","31-40",TRUE,0.661344351929033
"M","Spring","6800 - 7149","31-40",TRUE,0.742314358586379
"F","Spring","6800 - 7149","31-40",TRUE,0.688343356434838
"M","Winter","6800 - 7149","31-40",TRUE,0.531444484963528
"F","Winter","6800 - 7149","31-40",TRUE,0.465317848113719
"M","Summer","6800 - 7149","31-40",TRUE,0.578141400855271
"F","Summer","6800 - 7149","31-40",TRUE,0.512656713302953
"M","Autumn","6100 - 6449","31-40",TRUE,0.732599462280437
"F","Autumn","6100 - 6449","31-40",TRUE,0.677498774945771
"M","Spring","6100 - 6449","31-40",TRUE,0.756039483109389
"F","Spring","6100 - 6449","31-40",TRUE,0.703789824930928
"M","Winter","6100 - 6449","31-40",TRUE,0.549583801717495
"F","Winter","6100 - 6449","31-40",TRUE,0.483540126145327
"M","Summer","6100 - 6449","31-40",TRUE,0.595833978845493
"F","Summer","6100 - 6449","31-40",TRUE,0.530860139282521
"M","Autumn","5400 - 5749","31-40",TRUE,0.885825867277391
"F","Autumn","5400 - 5749","31-40",TRUE,0.85619407190744
"M","Spring","5400 - 5749","31-40",TRUE,0.897680521317723
"F","Spring","5400 - 5749","31-40",TRUE,0.870644655399111
"M","Winter","5400 - 5749","31-40",TRUE,0.776243977501886
"F","Winter","5400 - 5749","31-40",TRUE,0.727345632287778
"M","Summer","5400 - 5749","31-40",TRUE,0.807326095431388
"F","Summer","5400 - 5749","31-40",TRUE,0.763061583602238
"M","Autumn","6450 - 6799","31-40",TRUE,0.616016744879707
"F","Autumn","6450 - 6799","31-40",TRUE,0.551721863092962
"M","Spring","6450 - 6799","31-40",TRUE,0.644677942257659
"F","Spring","6450 - 6799","31-40",TRUE,0.581907505946387
"M","Winter","6450 - 6799","31-40",TRUE,0.416969474901341
"F","Winter","6450 - 6799","31-40",TRUE,0.354332178044605
"M","Summer","6450 - 6799","31-40",TRUE,0.463737587484927
"F","Summer","6450 - 6799","31-40",TRUE,0.398986523678995
"M","Autumn","7850 - 8199","31-40",TRUE,0.645863612224486
"F","Autumn","7850 - 8199","31-40",TRUE,0.583135798078837
"M","Spring","7850 - 8199","31-40",TRUE,0.673496299995416
"F","Spring","7850 - 8199","31-40",TRUE,0.612707165187332
"M","Winter","7850 - 8199","31-40",TRUE,0.448320930451793
"F","Winter","7850 - 8199","31-40",TRUE,0.384058755860962
"M","Summer","7850 - 8199","31-40",TRUE,0.495576403346064
"F","Summer","7850 - 8199","31-40",TRUE,0.429923363361469
"M","Autumn","7500 - 7849","31-40",TRUE,0.423654632400703
"F","Autumn","7500 - 7849","31-40",TRUE,0.360621356515693
"M","Spring","7500 - 7849","31-40",TRUE,0.453936135527009
"F","Spring","7500 - 7849","31-40",TRUE,0.389453772656049
"M","Winter","7500 - 7849","31-40",TRUE,0.246725374330141
"F","Winter","7500 - 7849","31-40",TRUE,0.200768565137543
"M","Summer","7500 - 7849","31-40",TRUE,0.284019468771999
"F","Summer","7500 - 7849","31-40",TRUE,0.233350822778761
"M","Autumn","7150 - 7499","31-40",TRUE,0.54876607497173
"F","Autumn","7150 - 7499","31-40",TRUE,0.482686782573071
"M","Spring","7150 - 7499","31-40",TRUE,0.579010585056743
"F","Spring","7150 - 7499","31-40",TRUE,0.513426675849734
"M","Winter","7150 - 7499","31-40",TRUE,0.351530064992
"F","Winter","7150 - 7499","31-40",TRUE,0.293731472738435
"M","Summer","7150 - 7499","31-40",TRUE,0.396074625568177
"F","Summer","7150 - 7499","31-40",TRUE,0.334837461811546
"M","Autumn","8550 - 8900","31-40",TRUE,0.729351036252324
"F","Autumn","8550 - 8900","31-40",TRUE,0.673868930835813
"M","Spring","8550 - 8900","31-40",TRUE,0.753000523693379
"F","Spring","8550 - 8900","31-40",TRUE,0.700345028100352
"M","Winter","8550 - 8900","31-40",TRUE,0.545450057982945
"F","Winter","8550 - 8900","31-40",TRUE,0.479358009680088
"M","Summer","8550 - 8900","31-40",TRUE,0.591812653469944
"F","Summer","8550 - 8900","31-40",TRUE,0.526699474104206
"M","Autumn","8200 - 8549","31-40",TRUE,0.572115364099016
"F","Autumn","8200 - 8549","31-40",TRUE,0.506363479065299
"M","Spring","8200 - 8549","31-40",TRUE,0.601942707247201
"F","Spring","8200 - 8549","31-40",TRUE,0.537050530971835
"M","Winter","8200 - 8549","31-40",TRUE,0.373409352543562
"F","Winter","8200 - 8549","31-40",TRUE,0.313757263191642
"M","Summer","8200 - 8549","31-40",TRUE,0.418898600067034
"F","Summer","8200 - 8549","31-40",TRUE,0.356216425059205
"M","Autumn","5750 - 6099","61-70",TRUE,0.627334662953215
"F","Autumn","5750 - 6099","61-70",TRUE,0.563676231615851
"M","Spring","5750 - 6099","61-70",TRUE,0.655585788795961
"F","Spring","5750 - 6099","61-70",TRUE,0.593608281076169
"M","Winter","5750 - 6099","61-70",TRUE,0.428980300187511
"F","Winter","5750 - 6099","61-70",TRUE,0.365752746356897
"M","Summer","5750 - 6099","61-70",TRUE,0.4758942628293
"F","Summer","5750 - 6099","61-70",TRUE,0.410802569127769
"M","Autumn","6800 - 7149","61-70",TRUE,0.490519617079742
"F","Autumn","6800 - 7149","61-70",TRUE,0.424889160866184
"M","Spring","6800 - 7149","61-70",TRUE,0.521246570184714
"F","Spring","6800 - 7149","61-70",TRUE,0.455182544075241
"M","Winter","6800 - 7149","61-70",TRUE,0.300318883175684
"F","Winter","6800 - 7149","61-70",TRUE,0.247709774705845
"M","Summer","6800 - 7149","61-70",TRUE,0.341878888850282
"F","Summer","6800 - 7149","61-70",TRUE,0.285047513560597
"M","Autumn","6100 - 6449","61-70",TRUE,0.50878303437233
"F","Autumn","6100 - 6449","61-70",TRUE,0.442842782050038
"M","Spring","6100 - 6449","61-70",TRUE,0.539437870020008
"F","Spring","6100 - 6449","61-70",TRUE,0.473353313696787
"M","Winter","6100 - 6449","61-70",TRUE,0.315935350128882
"F","Winter","6100 - 6449","61-70",TRUE,0.261630791726866
"M","Summer","6100 - 6449","61-70",TRUE,0.358482287904021
"F","Summer","6100 - 6449","61-70",TRUE,0.300158517721729
"M","Autumn","5400 - 5749","61-70",TRUE,0.746747192953644
"F","Autumn","5400 - 5749","61-70",TRUE,0.694039631935386
"M","Spring","5400 - 5749","61-70",TRUE,0.769091794991588
"F","Spring","5400 - 5749","61-70",TRUE,0.719227191563303
"M","Winter","5400 - 5749","61-70",TRUE,0.570414409484152
"F","Winter","5400 - 5749","61-70",TRUE,0.505668232709355
"M","Summer","5400 - 5749","61-70",TRUE,0.615563729737994
"F","Summer","5400 - 5749","61-70",TRUE,0.552207945472396
"M","Autumn","6450 - 6799","61-70",TRUE,0.37778898422235
"F","Autumn","6450 - 6799","61-70",TRUE,0.317827399393966
"M","Spring","6450 - 6799","61-70",TRUE,0.407106259376205
"F","Spring","6450 - 6799","61-70",TRUE,0.345091131512686
"M","Winter","6450 - 6799","61-70",TRUE,0.212928169778754
"F","Winter","6450 - 6799","61-70",TRUE,0.171819444929842
"M","Summer","6450 - 6799","61-70",TRUE,0.246799744579639
"F","Summer","6450 - 6799","61-70",TRUE,0.200882805452095
"M","Autumn","7850 - 8199","61-70",TRUE,0.408235292189988
"F","Autumn","7850 - 8199","61-70",TRUE,0.34611789285993
"M","Spring","7850 - 8199","61-70",TRUE,0.438254834100355
"F","Spring","7850 - 8199","61-70",TRUE,0.374474750701834
"M","Winter","7850 - 8199","61-70",TRUE,0.235106073443998
"F","Winter","7850 - 8199","61-70",TRUE,0.190759660086954
"M","Summer","7850 - 8199","61-70",TRUE,0.271260490687392
"F","Summer","7850 - 8199","61-70",TRUE,0.222145615271155
"M","Autumn","7500 - 7849","61-70",TRUE,0.217537856242206
"F","Autumn","7500 - 7849","61-70",TRUE,0.175733260623114
"M","Spring","7500 - 7849","61-70",TRUE,0.239261281843727
"F","Spring","7500 - 7849","61-70",TRUE,0.194340759406022
"M","Winter","7500 - 7849","61-70",TRUE,0.110003800433482
"F","Winter","7500 - 7849","61-70",TRUE,0.0865239558611033
"M","Summer","7500 - 7849","61-70",TRUE,0.130376634418238
"F","Summer","7500 - 7849","61-70",TRUE,0.103075442723248
"M","Autumn","7150 - 7499","61-70",TRUE,0.315150226594407
"F","Autumn","7150 - 7499","61-70",TRUE,0.26091340078825
"M","Spring","7150 - 7499","61-70",TRUE,0.342311510132389
"F","Spring","7150 - 7499","61-70",TRUE,0.285371532605318
"M","Winter","7150 - 7499","61-70",TRUE,0.170029370285289
"F","Winter","7150 - 7499","61-70",TRUE,0.13573818765624
"M","Summer","7150 - 7499","61-70",TRUE,0.198889877309381
"F","Summer","7150 - 7499","61-70",TRUE,0.159946422320117
"M","Autumn","8550 - 8900","61-70",TRUE,0.504602215128994
"F","Autumn","8550 - 8900","61-70",TRUE,0.43870842450876
"M","Spring","8550 - 8900","61-70",TRUE,0.535287925749682
"F","Spring","8550 - 8900","61-70",TRUE,0.469176952610499
"M","Winter","8550 - 8900","61-70",TRUE,0.312298325327455
"F","Winter","8550 - 8900","61-70",TRUE,0.258373174470118
"M","Summer","8550 - 8900","61-70",TRUE,0.354641741753044
"F","Summer","8550 - 8900","61-70",TRUE,0.296649860834214
"M","Autumn","8200 - 8549","61-70",TRUE,0.335945495584071
"F","Autumn","8200 - 8549","61-70",TRUE,0.279599099190647
"M","Spring","8200 - 8549","61-70",TRUE,0.363930295625287
"F","Spring","8200 - 8549","61-70",TRUE,0.305065286495368
"M","Winter","8200 - 8549","61-70",TRUE,0.183840284467074
"F","Winter","8200 - 8549","61-70",TRUE,0.147265273707556
"M","Summer","8200 - 8549","61-70",TRUE,0.214416154391818
"F","Summer","8200 - 8549","61-70",TRUE,0.173100296361717
"M","Autumn","5750 - 6099","41-50",TRUE,0.790901187760539
"F","Autumn","5750 - 6099","41-50",TRUE,0.743587546758189
"M","Spring","5750 - 6099","41-50",TRUE,0.810556935927135
"F","Spring","5750 - 6099","41-50",TRUE,0.766350896273807
"M","Winter","5750 - 6099","41-50",TRUE,0.627459066035782
"F","Winter","5750 - 6099","41-50",TRUE,0.563801341168892
"M","Summer","5750 - 6099","41-50",TRUE,0.670429349752372
"F","Summer","5750 - 6099","41-50",TRUE,0.609585452020862
"M","Autumn","6800 - 7149","41-50",TRUE,0.683761655434911
"F","Autumn","6800 - 7149","41-50",TRUE,0.623807978316342
"M","Spring","6800 - 7149","41-50",TRUE,0.709769619602625
"F","Spring","6800 - 7149","41-50",TRUE,0.652216464980555
"M","Winter","6800 - 7149","41-50",TRUE,0.490641846033924
"F","Winter","6800 - 7149","41-50",TRUE,0.424993401379667
"M","Summer","6800 - 7149","41-50",TRUE,0.537930149629471
"F","Summer","6800 - 7149","41-50",TRUE,0.471920147306524
"M","Autumn","6100 - 6449","41-50",TRUE,0.699333395675691
"F","Autumn","6100 - 6449","41-50",TRUE,0.640780071990057
"M","Spring","6100 - 6449","41-50",TRUE,0.724580154480225
"F","Spring","6100 - 6449","41-50",TRUE,0.668588675628094
"M","Winter","6100 - 6449","41-50",TRUE,0.50890975219772
"F","Winter","6100 - 6449","41-50",TRUE,0.442957853288605
"M","Summer","6100 - 6449","41-50",TRUE,0.556009824747154
"F","Summer","6100 - 6449","41-50",TRUE,0.490132571837801
"M","Autumn","5400 - 5749","41-50",TRUE,0.868256275140566
"F","Autumn","5400 - 5749","41-50",TRUE,0.83496821861374
"M","Spring","5400 - 5749","41-50",TRUE,0.881675028163056
"F","Spring","5400 - 5749","41-50",TRUE,0.851159103746635
"M","Winter","5400 - 5749","41-50",TRUE,0.746861589655504
"F","Winter","5400 - 5749","41-50",TRUE,0.694158624969852
"M","Summer","5400 - 5749","41-50",TRUE,0.780819491474102
"F","Summer","5400 - 5749","41-50",TRUE,0.732564023190506
"M","Autumn","6450 - 6799","41-50",TRUE,0.576696736521057
"F","Autumn","6450 - 6799","41-50",TRUE,0.511067676960623
"M","Spring","6450 - 6799","41-50",TRUE,0.606409463852252
"F","Spring","6450 - 6799","41-50",TRUE,0.541714615827344
"M","Winter","6450 - 6799","41-50",TRUE,0.377872677599283
"F","Winter","6450 - 6799","41-50",TRUE,0.317891179681841
"M","Summer","6450 - 6799","41-50",TRUE,0.42351268673481
"F","Summer","6450 - 6799","41-50",TRUE,0.360589632860832
"M","Autumn","7850 - 8199","41-50",TRUE,0.607625738423564
"F","Autumn","7850 - 8199","41-50",TRUE,0.542947321070386
"M","Spring","7850 - 8199","41-50",TRUE,0.636553028928623
"F","Spring","7850 - 8199","41-50",TRUE,0.57327815327825
"M","Winter","7850 - 8199","41-50",TRUE,0.408333920793771
"F","Winter","7850 - 8199","41-50",TRUE,0.346197250273701
"M","Summer","7850 - 8199","41-50",TRUE,0.454920297042834
"F","Summer","7850 - 8199","41-50",TRUE,0.390479619678424
"M","Autumn","7500 - 7849","41-50",TRUE,0.384337549654874
"F","Autumn","7500 - 7849","41-50",TRUE,0.32385313553301
"M","Spring","7500 - 7849","41-50",TRUE,0.41383495470084
"F","Spring","7500 - 7849","41-50",TRUE,0.351374655056066
"M","Winter","7500 - 7849","41-50",TRUE,0.21757405110198
"F","Winter","7500 - 7849","41-50",TRUE,0.175758465736015
"M","Summer","7500 - 7849","41-50",TRUE,0.251999317690365
"F","Summer","7500 - 7849","41-50",TRUE,0.205376268698466
"M","Autumn","7150 - 7499","41-50",TRUE,0.508066250877674
"F","Autumn","7150 - 7499","41-50",TRUE,0.442095644029526
"M","Spring","7150 - 7499","41-50",TRUE,0.538743640586721
"F","Spring","7150 - 7499","41-50",TRUE,0.472616843122041
"M","Winter","7150 - 7499","41-50",TRUE,0.315224375196163
"F","Winter","7150 - 7499","41-50",TRUE,0.260971634095036
"M","Summer","7150 - 7499","41-50",TRUE,0.357780838037068
"F","Summer","7150 - 7499","41-50",TRUE,0.299505638676542
"M","Autumn","8550 - 8900","41-50",TRUE,0.695842927177706
"F","Autumn","8550 - 8900","41-50",TRUE,0.636950678873503
"M","Spring","8550 - 8900","41-50",TRUE,0.721286608787802
"F","Spring","8550 - 8900","41-50",TRUE,0.664919773595266
"M","Winter","8550 - 8900","41-50",TRUE,0.504727829669188
"F","Winter","8550 - 8900","41-50",TRUE,0.438816340001744
"M","Summer","8550 - 8900","41-50",TRUE,0.5518861947681
"F","Summer","8550 - 8900","41-50",TRUE,0.485955104682284
"M","Autumn","8200 - 8549","41-50",TRUE,0.531715588225059
"F","Autumn","8200 - 8549","41-50",TRUE,0.465569513781335
"M","Spring","8200 - 8549","41-50",TRUE,0.562196749439089
"F","Spring","8200 - 8549","41-50",TRUE,0.49626890117957
"M","Winter","8200 - 8549","41-50",TRUE,0.336019269257123
"F","Winter","8200 - 8549","41-50",TRUE,0.279655274124734
"M","Summer","8200 - 8549","41-50",TRUE,0.379788720647824
"F","Summer","8200 - 8549","41-50",TRUE,0.319719992555721
"M","Autumn","5750 - 6099","Under 18",TRUE,0.878162795477283
"F","Autumn","5750 - 6099","Under 18",TRUE,0.846721955816092
"M","Spring","5750 - 6099","Under 18",TRUE,0.890762539256796
"F","Spring","5750 - 6099","Under 18",TRUE,0.86204063228153
"M","Winter","5750 - 6099","Under 18",TRUE,0.762363541689146
"F","Winter","5750 - 6099","Under 18",TRUE,0.711156544713804
"M","Summer","5750 - 6099","Under 18",TRUE,0.7947655020814
"F","Summer","5750 - 6099","Under 18",TRUE,0.748231408792469
"M","Autumn","6800 - 7149","Under 18",TRUE,0.804719792873146
"F","Autumn","6800 - 7149","Under 18",TRUE,0.75963242460059
"M","Spring","6800 - 7149","Under 18",TRUE,0.823347743450413
"F","Spring","6800 - 7149","Under 18",TRUE,0.78136037581561
"M","Winter","6800 - 7149","Under 18",TRUE,0.647580615745382
"F","Winter","6800 - 7149","Under 18",TRUE,0.58521600257103
"M","Summer","6800 - 7149","Under 18",TRUE,0.689218679303902
"F","Summer","6800 - 7149","Under 18",TRUE,0.630062637036878
"M","Autumn","6100 - 6449","Under 18",TRUE,0.815928468564894
"F","Autumn","6100 - 6449","Under 18",TRUE,0.772685469649219
"M","Spring","6100 - 6449","Under 18",TRUE,0.833716175908723
"F","Spring","6100 - 6449","Under 18",TRUE,0.793562736171873
"M","Winter","6100 - 6449","Under 18",TRUE,0.664006159778719
"F","Winter","6100 - 6449","Under 18",TRUE,0.6027586766527
"M","Summer","6100 - 6449","Under 18",TRUE,0.704609266560189
"F","Summer","6100 - 6449","Under 18",TRUE,0.646859706952187
"M","Autumn","5400 - 5749","Under 18",TRUE,0.926008882105885
"F","Autumn","5400 - 5749","Under 18",TRUE,0.905635326749604
"M","Spring","5400 - 5749","Under 18",TRUE,0.934020375775968
"F","Spring","5400 - 5749","Under 18",TRUE,0.915631726145664
"M","Winter","5400 - 5749","Under 18",TRUE,0.848158930849205
"F","Winter","5400 - 5749","Under 18",TRUE,0.81104997618157
"M","Summer","5400 - 5749","Under 18",TRUE,0.870971975187982
"F","Summer","5400 - 5749","Under 18",TRUE,0.838309553612697
"M","Autumn","6450 - 6799","Under 18",TRUE,0.721982717450721
"F","Autumn","6450 - 6799","Under 18",TRUE,0.665903170032312
"M","Spring","6450 - 6799","Under 18",TRUE,0.745959317366245
"F","Spring","6450 - 6799","Under 18",TRUE,0.692619271672574
"M","Winter","6450 - 6799","Under 18",TRUE,0.537084068742772
"F","Winter","6450 - 6799","Under 18",TRUE,0.471242823912695
"M","Summer","6450 - 6799","Under 18",TRUE,0.583486034720625
"F","Summer","6450 - 6799","Under 18",TRUE,0.518405952323996
"M","Autumn","7850 - 8199","Under 18",TRUE,0.746977759488191
"F","Autumn","7850 - 8199","Under 18",TRUE,0.693739781748956
"M","Spring","7850 - 8199","Under 18",TRUE,0.769509025774217
"F","Spring","7850 - 8199","Under 18",TRUE,0.719192326700869
"M","Winter","7850 - 8199","Under 18",TRUE,0.568592056236575
"F","Winter","7850 - 8199","Under 18",TRUE,0.503041439085278
"M","Summer","7850 - 8199","Under 18",TRUE,0.614082840554051
"F","Summer","7850 - 8199","Under 18",TRUE,0.550046612036269
"M","Autumn","7500 - 7849","Under 18",TRUE,0.543900080222825
"F","Autumn","7500 - 7849","Under 18",TRUE,0.478070850783424
"M","Spring","7500 - 7849","Under 18",TRUE,0.574095956104479
"F","Spring","7500 - 7849","Under 18",TRUE,0.508675290166897
"M","Winter","7500 - 7849","Under 18",TRUE,0.347813408728819
"F","Winter","7500 - 7849","Under 18",TRUE,0.290558638570266
"M","Summer","7500 - 7849","Under 18",TRUE,0.392015321073647
"F","Summer","7500 - 7849","Under 18",TRUE,0.331294096283019
"M","Autumn","7150 - 7499","Under 18",TRUE,0.663308901827721
"F","Autumn","7150 - 7499","Under 18",TRUE,0.601988294640736
"M","Spring","7150 - 7499","Under 18",TRUE,0.690147875039717
"F","Spring","7150 - 7499","Under 18",TRUE,0.630963328737298
"M","Winter","7150 - 7499","Under 18",TRUE,0.468239772975833
"F","Winter","7150 - 7499","Under 18",TRUE,0.40347047795429
"M","Summer","7150 - 7499","Under 18",TRUE,0.515416102238281
"F","Summer","7150 - 7499","Under 18",TRUE,0.44973958282839
"M","Autumn","8550 - 8900","Under 18",TRUE,0.813445405836957
"F","Autumn","8550 - 8900","Under 18",TRUE,0.769779734694792
"M","Spring","8550 - 8900","Under 18",TRUE,0.831441620468649
"F","Spring","8550 - 8900","Under 18",TRUE,0.79087088765606
"M","Winter","8550 - 8900","Under 18",TRUE,0.660306102755109
"F","Winter","8550 - 8900","Under 18",TRUE,0.598781284771512
"M","Summer","8550 - 8900","Under 18",TRUE,0.701141152555652
"F","Summer","8550 - 8900","Under 18",TRUE,0.643055888722041
"M","Autumn","8200 - 8549","Under 18",TRUE,0.684090768794906
"F","Autumn","8200 - 8549","Under 18",TRUE,0.624385021245779
"M","Spring","8200 - 8549","Under 18",TRUE,0.710020101619532
"F","Spring","8200 - 8549","Under 18",TRUE,0.652688389276222
"M","Winter","8200 - 8549","Under 18",TRUE,0.491786086176868
"F","Winter","8200 - 8549","Under 18",TRUE,0.426369509441256
"M","Summer","8200 - 8549","Under 18",TRUE,0.538898172762345
"F","Summer","8200 - 8549","Under 18",TRUE,0.473143445793754
"M","Autumn","5750 - 6099","71-80",TRUE,0.636276134530438
"F","Autumn","5750 - 6099","71-80",TRUE,0.573592670372049
"M","Spring","5750 - 6099","71-80",TRUE,0.664022096146072
"F","Spring","5750 - 6099","71-80",TRUE,0.60310418755019
"M","Winter","5750 - 6099","71-80",TRUE,0.43994063229415
"F","Winter","5750 - 6099","71-80",TRUE,0.376623760210541
"M","Summer","5750 - 6099","71-80",TRUE,0.486657822127812
"F","Summer","5750 - 6099","71-80",TRUE,0.421769421711234
"M","Autumn","6800 - 7149","71-80",TRUE,0.501216767354709
"F","Autumn","6800 - 7149","71-80",TRUE,0.435894244770586
"M","Spring","6800 - 7149","71-80",TRUE,0.531671136814072
"F","Spring","6800 - 7149","71-80",TRUE,0.466091873644195
"M","Winter","6800 - 7149","71-80",TRUE,0.31067631762221
"F","Winter","6800 - 7149","71-80",TRUE,0.25724370896082
"M","Summer","6800 - 7149","71-80",TRUE,0.352630925814357
"F","Summer","6800 - 7149","71-80",TRUE,0.295192810711637
"M","Autumn","6100 - 6449","71-80",TRUE,0.519322883293631
"F","Autumn","6100 - 6449","71-80",TRUE,0.453801836972934
"M","Spring","6100 - 6449","71-80",TRUE,0.549660398925672
"F","Spring","6100 - 6449","71-80",TRUE,0.484164112803949
"M","Winter","6100 - 6449","71-80",TRUE,0.326475354534787
"F","Winter","6100 - 6449","71-80",TRUE,0.271425649574458
"M","Summer","6100 - 6449","71-80",TRUE,0.369346866076838
"F","Summer","6100 - 6449","71-80",TRUE,0.310512638965677
"M","Autumn","5400 - 5749","71-80",TRUE,0.753093176999572
"F","Autumn","5400 - 5749","71-80",TRUE,0.701551183074498
"M","Spring","5400 - 5749","71-80",TRUE,0.774921975283383
"F","Spring","5400 - 5749","71-80",TRUE,0.726205222184409
"M","Winter","5400 - 5749","71-80",TRUE,0.580109699212792
"F","Winter","5400 - 5749","71-80",TRUE,0.516100897571354
"M","Summer","5400 - 5749","71-80",TRUE,0.62458916782036
"F","Summer","5400 - 5749","71-80",TRUE,0.562166599002495
"M","Autumn","6450 - 6799","71-80",TRUE,0.388735283872519
"F","Autumn","6450 - 6799","71-80",TRUE,0.32837440900959
"M","Spring","6450 - 6799","71-80",TRUE,0.418100095403049
"F","Spring","6450 - 6799","71-80",TRUE,0.35586264577897
"M","Winter","6450 - 6799","71-80",TRUE,0.221685846361906
"F","Winter","6450 - 6799","71-80",TRUE,0.179468144119738
"M","Summer","6450 - 6799","71-80",TRUE,0.25628074961911
"F","Summer","6450 - 6799","71-80",TRUE,0.209336168652693
"M","Autumn","7850 - 8199","71-80",TRUE,0.419259465153405
"F","Autumn","7850 - 8199","71-80",TRUE,0.356937578087597
"M","Spring","7850 - 8199","71-80",TRUE,0.449230869952358
"F","Spring","7850 - 8199","71-80",TRUE,0.385432848060391
"M","Winter","7850 - 8199","71-80",TRUE,0.244400012168022
"F","Winter","7850 - 8199","71-80",TRUE,0.198988461036337
"M","Summer","7850 - 8199","71-80",TRUE,0.281210278941103
"F","Summer","7850 - 8199","71-80",TRUE,0.231150632087547
"M","Autumn","7500 - 7849","71-80",TRUE,0.226465655174264
"F","Autumn","7500 - 7849","71-80",TRUE,0.183556201227851
"M","Spring","7500 - 7849","71-80",TRUE,0.248650983707223
"F","Spring","7500 - 7849","71-80",TRUE,0.202675936363319
"M","Winter","7500 - 7849","71-80",TRUE,0.115518550124107
"F","Winter","7500 - 7849","71-80",TRUE,0.0910463287962527
"M","Summer","7500 - 7849","71-80",TRUE,0.136673119556906
"F","Summer","7500 - 7849","71-80",TRUE,0.10830606621918
"M","Autumn","7150 - 7499","71-80",TRUE,0.325706713498942
"F","Autumn","7150 - 7499","71-80",TRUE,0.270723015954157
"M","Spring","7150 - 7499","71-80",TRUE,0.353097100307474
"F","Spring","7150 - 7499","71-80",TRUE,0.29555387523742
"M","Winter","7150 - 7499","71-80",TRUE,0.17766324144835
"F","Winter","7150 - 7499","71-80",TRUE,0.142235488070293
"M","Summer","7150 - 7499","71-80",TRUE,0.207331597672648
"F","Summer","7150 - 7499","71-80",TRUE,0.167261210047119
"M","Autumn","8550 - 8900","71-80",TRUE,0.515180854426646
"F","Autumn","8550 - 8900","71-80",TRUE,0.449681655207125
"M","Spring","8550 - 8900","71-80",TRUE,0.545560363581299
"F","Spring","8550 - 8900","71-80",TRUE,0.480015124198936
"M","Winter","8550 - 8900","71-80",TRUE,0.322799378981546
"F","Winter","8550 - 8900","71-80",TRUE,0.26810992704178
"M","Summer","8550 - 8900","71-80",TRUE,0.365482733919693
"F","Summer","8550 - 8900","71-80",TRUE,0.306957750228
"M","Autumn","8200 - 8549","71-80",TRUE,0.346684628568324
"F","Autumn","8200 - 8549","71-80",TRUE,0.289700396395068
"M","Spring","8200 - 8549","71-80",TRUE,0.374839706122275
"F","Spring","8200 - 8549","71-80",TRUE,0.315494299881097
"M","Winter","8200 - 8549","71-80",TRUE,0.191870700135355
"F","Winter","8200 - 8549","71-80",TRUE,0.154157291334178
"M","Summer","8200 - 8549","71-80",TRUE,0.223234750844075
"F","Summer","8200 - 8549","71-80",TRUE,0.180812700922981
"M","Autumn","5750 - 6099","81-90",TRUE,0.0016918871735284
"F","Autumn","5750 - 6099","81-90",TRUE,0.00140017224801076
"M","Spring","5750 - 6099","81-90",TRUE,0.00182387021670219
"F","Spring","5750 - 6099","81-90",TRUE,0.00151661492043269
"M","Winter","5750 - 6099","81-90",TRUE,0.000934904672186526
"F","Winter","5750 - 6099","81-90",TRUE,0.000747651442816178
"M","Summer","5750 - 6099","81-90",TRUE,0.00108207851702252
"F","Summer","5750 - 6099","81-90",TRUE,0.000872408179316954
"M","Autumn","6800 - 7149","81-90",TRUE,0.00112553270488417
"F","Autumn","6800 - 7149","81-90",TRUE,0.000908312046822472
"M","Spring","6800 - 7149","81-90",TRUE,0.00122543005277187
"F","Spring","6800 - 7149","81-90",TRUE,0.00099334845045286
"M","Winter","6800 - 7149","81-90",TRUE,0.000581726260426619
"F","Winter","6800 - 7149","81-90",TRUE,0.000456005471309829
"M","Summer","6800 - 7149","81-90",TRUE,0.000684729950461656
"F","Summer","6800 - 7149","81-90",TRUE,0.000540340531479938
"M","Autumn","6100 - 6449","81-90",TRUE,0.00119434312402135
"F","Autumn","6100 - 6449","81-90",TRUE,0.000966557455183292
"M","Spring","6100 - 6449","81-90",TRUE,0.0012986770412315
"F","Spring","6100 - 6449","81-90",TRUE,0.00105589319072922
"M","Winter","6100 - 6449","81-90",TRUE,0.000622465845183358
"F","Winter","6100 - 6449","81-90",TRUE,0.00048876792702116
"M","Summer","6100 - 6449","81-90",TRUE,0.000731609177449475
"F","Summer","6100 - 6449","81-90",TRUE,0.000578558826298109
"M","Autumn","5400 - 5749","81-90",TRUE,0.00250329623680222
"F","Autumn","5400 - 5749","81-90",TRUE,0.00214439921962649
"M","Spring","5400 - 5749","81-90",TRUE,0.00266374192907054
"F","Spring","5400 - 5749","81-90",TRUE,0.00229211445958364
"M","Winter","5400 - 5749","81-90",TRUE,0.0015284952101708
"F","Winter","5400 - 5749","81-90",TRUE,0.00126402965227074
"M","Summer","5400 - 5749","81-90",TRUE,0.00172709931703244
"F","Summer","5400 - 5749","81-90",TRUE,0.00144067082411229
"M","Autumn","6450 - 6799","81-90",TRUE,0.000771202418759821
"F","Autumn","6450 - 6799","81-90",TRUE,0.000610495148001055
"M","Spring","6450 - 6799","81-90",TRUE,0.000846226331876525
"F","Spring","6450 - 6799","81-90",TRUE,0.000672390218780035
"M","Winter","6450 - 6799","81-90",TRUE,0.000379412998926825
"F","Winter","6450 - 6799","81-90",TRUE,0.000293633973626698
"M","Summer","6450 - 6799","81-90",TRUE,0.000451601733462103
"F","Summer","6450 - 6799","81-90",TRUE,0.000351304394557827
"M","Autumn","7850 - 8199","81-90",TRUE,0.000868729152478412
"F","Autumn","7850 - 8199","81-90",TRUE,0.000692160745146647
"M","Spring","7850 - 8199","81-90",TRUE,0.000950626511242519
"F","Spring","7850 - 8199","81-90",TRUE,0.000760473812360904
"M","Winter","7850 - 8199","81-90",TRUE,0.000434582665353871
"F","Winter","7850 - 8199","81-90",TRUE,0.000337668064003337
"M","Summer","7850 - 8199","81-90",TRUE,0.000514880607657066
"F","Summer","7850 - 8199","81-90",TRUE,0.000402329134507536
"M","Autumn","7500 - 7849","81-90",TRUE,0.000401788720223235
"F","Autumn","7500 - 7849","81-90",TRUE,0.000311873445172931
"M","Spring","7500 - 7849","81-90",TRUE,0.000444347023354073
"F","Spring","7500 - 7849","81-90",TRUE,0.00034576631161687
"M","Winter","7500 - 7849","81-90",TRUE,0.000188620616960368
"F","Winter","7500 - 7849","81-90",TRUE,0.000144312739205206
"M","Summer","7500 - 7849","81-90",TRUE,0.000226606383160792
"F","Summer","7500 - 7849","81-90",TRUE,0.00017395834873238
"M","Autumn","7150 - 7499","81-90",TRUE,0.000619845169933556
"F","Autumn","7150 - 7499","81-90",TRUE,0.000486796606418393
"M","Spring","7150 - 7499","81-90",TRUE,0.000682306409128381
"F","Spring","7150 - 7499","81-90",TRUE,0.000537647491913191
"M","Winter","7150 - 7499","81-90",TRUE,0.000299526015075732
"F","Winter","7150 - 7499","81-90",TRUE,0.000230643680013628
"M","Summer","7150 - 7499","81-90",TRUE,0.00035718448273641
"F","Summer","7150 - 7499","81-90",TRUE,0.000276234650234514
"M","Autumn","8550 - 8900","81-90",TRUE,0.00118021633047259
"F","Autumn","8550 - 8900","81-90",TRUE,0.000955138742666007
"M","Spring","8550 - 8900","81-90",TRUE,0.00128337404901092
"F","Spring","8550 - 8900","81-90",TRUE,0.00104334862009038
"M","Winter","8550 - 8900","81-90",TRUE,0.000614546086703424
"F","Winter","8550 - 8900","81-90",TRUE,0.000482700000254336
"M","Summer","8550 - 8900","81-90",TRUE,0.000721842864504747
"F","Summer","8550 - 8900","81-90",TRUE,0.000570887779369322
"M","Autumn","8200 - 8549","81-90",TRUE,0.000669026098677222
"F","Autumn","8200 - 8549","81-90",TRUE,0.000527269602072347
"M","Spring","8200 - 8549","81-90",TRUE,0.000735295995264076
"F","Spring","8200 - 8549","81-90",TRUE,0.00058151229120781
"M","Winter","8200 - 8549","81-90",TRUE,0.000325744870873624
"F","Winter","8200 - 8549","81-90",TRUE,0.00025140634996266
"M","Summer","8200 - 8549","81-90",TRUE,0.000388122852732356
"F","Summer","8200 - 8549","81-90",TRUE,0.000300961795543831
